command,mean
tokei,162.616040335
scc,349.010611535
loc,100.77284752854836
# cloc,3.889367681835
