command,mean
tokei,32.65851210948718
scc,50.464578491403525
loc,29.36477992999999
# cloc,1.28835733323
