command,mean
tokei,254.6492735777273
scc,298.576616605
loc,239.7174873819231
# cloc,6.873934700605
