command,mean
tokei,2.7053018181799997
scc,5.308592593179999
loc,2.35001430618
# cloc,72.38989142927998
